<?xml version="1.0" encoding="UTF-8"?>
<contents>
    <content> 
        <heading>This is content 1</heading>
        <path>https://via.placeholder.com/300/ffff00/000000</path>
        <bodyText>This is body text 1</bodyText>
    </content>
    <content> 
        <heading>This is content 2</heading>
        <path>https://via.placeholder.com/300/ffff00/000000</path>
        <bodyText>This is body text 2</bodyText>
    </content>
    <content> 
        <heading>This is content 3</heading>
        <path>https://via.placeholder.com/300/ffff00/000000</path>
        <bodyText>This is body text 3</bodyText>
    </content> 
</contents>