{
    "contents": [
        {
            "heading": "This is content 1", 
            "path": "https://via.placeholder.com/300/ffff00/000000",
            "body": "This is body text 1"
        },
        {
            "heading": "This is content 2",
            "path": "https://via.placeholder.com/300/ff00ff/000000",
            "body": "This is body text 2"
        },
        {
            "heading": "This is content 3",
            "path": "https://via.placeholder.com/300/00ffff/000000",
            "body": "This is body text 3"
        }
    ]
}
